name,age,adress
Carl,1,Street Scott Myers
Curt,2,Street John Leach
Jose,3,Street George Huizenga
Wesley,4,Street James Clark
Richard,5,Street Peggy Hollingsworth
Frederick,6,Street John Garner
Vernon,7,Street William Adams
Thomas,8,Street Janet Villegas
Ross,9,Street Miguel Washington
Kirk,10,Street Melissa Jewell
Dustin,11,Street Beverly Baird
Christopher,12,Street Travis Nine
Preston,13,Street Josephine Anderson
Buford,14,Street Albert Bagg
John,15,Street Patricia Lee
Dustin,16,Street Salome Walton
Jeffrey,17,Street Luther Robinson
Matthew,18,Street Margaret Thompson
Henry,19,Street Jane Mcneil
James,20,Street Gabriel Green
Marty,21,Street Bobby Schaefer
Michael,22,Street Randi Fisher
Donald,23,Street James Stanley
Edward,24,Street Faye Becnel
Stephen,25,Street Timothy Miller
Gary,26,Street Annette Lopez
Benjamin,27,Street Tammy Buss
John,28,Street Pat Weingarten
Kenneth,29,Street Karen Johnston
Robert,30,Street William Humphrey
David,31,Street Melissa Gerrior
David,32,Street Jason Clark
Vincent,33,Street Matthew Kilbane
Alfonso,34,Street Mary Cremin
Trevor,35,Street Michelle Freeman
Ben,36,Street Gary Weinstein
Barry,37,Street Kelly Jones
Charles,38,Street Barbara Wetzel
Van,39,Street Betty Sou
Antonio,40,Street Robert Dennis
Brian,41,Street Gary Johnson
Roberto,42,Street Lynn Miles
Jesus,43,Street Daniel Dobratz
John,44,Street Roosevelt Wilson
Brad,45,Street Teresa Stull
Jason,46,Street Rodney Askew
Oscar,47,Street Walter Mensalvas
Gregory,48,Street Tomas Johnson
David,49,Street Beverly Oakley
Donald,50,Street Rosalind Golston
Jason,51,Street Karl Johnson
Harold,52,Street Darrel Chapman
Grant,53,Street Beverly Steiner
Michael,54,Street Frank Bumgarner
Larry,55,Street Michelle Nassar
Elroy,56,Street Christopher Decastro
Brian,57,Street Daniel Maier
Lewis,58,Street Emilie Cundiff
Huey,59,Street Christopher Kuether
Earl,60,Street Albert Cochran
Cody,61,Street James Mcgeever
James,62,Street Arthur Delapp
Mark,63,Street Katherine Pommer
Jesse,64,Street Samuel Norman
John,65,Street Kimberly Jones
Arthur,66,Street Libby Byers
Carlos,67,Street Laverne Vick
James,68,Street Stanley Lumpkin
James,69,Street Don Garrett
Willie,70,Street Whitney Harwell
Mark,71,Street Lenora Ross
Scott,72,Street Anna Rigaud
Matthew,73,Street Luis Aldape
Malcolm,74,Street William Christian
Steven,75,Street Lisa Mccormick
Jason,76,Street Robbin Fuller
Dominic,77,Street Quincy Paletta
Ryan,78,Street Jenifer Townsley
Raymond,79,Street Rosa Hughes
William,80,Street Kathleen Haifley
Jacob,81,Street June Davidson
Michael,82,Street James Johnson
Jerry,83,Street Julie Mcgillivray
Eugene,84,Street Laveta Hendrick
William,85,Street Mario Sisk
Garrett,86,Street Eleanor Pollard
Edward,87,Street Linda Childress
Kevin,88,Street Jose Toto
Clinton,89,Street Carl Velez
Peter,90,Street Michelle Taylor
Russell,91,Street Luann Martin
Benjamin,92,Street Joseph Colon
James,93,Street Robert Joyner
John,94,Street Eddie Reynalds
Robert,95,Street Dominic Hall
Kenneth,96,Street Willard Solorzano
William,97,Street Duane Gibson
George,98,Street Donna Holtzman
Chuck,99,Street David Wood
William,100,Street Jason Burnett
